image,material,concentration,replicate,time,pH,TMB,H2O2,Abs652,G,B,H,S,V
CuMnZnS_10_1_0s,CuMnZnS,10,1,0,4,1,10,0.1,175.8590838,177.7965615,103.1609544,5.463078382,178.2768824
CuMnZnS_10_1_10s,CuMnZnS,10,1,10,4,1,10,0.119,172.9082291,174.7075308,98.78131297,6.165854932,175.6732258
CuMnZnS_10_1_20s,CuMnZnS,10,1,20,4,1,10,0.135,179.2579306,181.3393552,105.6285561,5.187022066,181.7086805
CuMnZnS_10_1_30s,CuMnZnS,10,1,30,4,1,10,0.155,,,,,
CuMnZnS_10_1_40s,CuMnZnS,10,1,40,4,1,10,0.172,,,,,
CuMnZnS_10_2_0s,CuMnZnS,10,2,0,4,1,10,0.102,,,,,
CuMnZnS_10_2_10s,CuMnZnS,10,2,10,4,1,10,0.119,,,,,
CuMnZnS_10_2_20s,CuMnZnS,10,2,20,4,1,10,0.138,,,,,
CuMnZnS_10_2_30s,CuMnZnS,10,2,30,4,1,10,0.156,,,,,
CuMnZnS_10_2_40s,CuMnZnS,10,2,40,4,1,10,0.175,,,,,
CuMnZnS_10_3_0s,CuMnZnS,10,3,0,4,1,10,0.098,,,,,
CuMnZnS_10_3_10s,CuMnZnS,10,3,10,4,1,10,0.117,,,,,
CuMnZnS_10_3_20s,CuMnZnS,10,3,20,4,1,10,0.135,,,,,
CuMnZnS_10_3_30s,CuMnZnS,10,3,30,4,1,10,0.151,,,,,
CuMnZnS_10_3_40s,CuMnZnS,10,3,40,4,1,10,0.171,,,,,
CuMnZnS_50_1_0s,CuMnZnS,50,1,0,4,1,10,0.1,,,,,
CuMnZnS_50_1_10s,CuMnZnS,50,1,10,4,1,10,0.141,,,,,
CuMnZnS_50_1_20s,CuMnZnS,50,1,20,4,1,10,0.184,,,,,
CuMnZnS_50_1_30s,CuMnZnS,50,1,30,4,1,10,0.225,,,,,
CuMnZnS_50_1_40s,CuMnZnS,50,1,40,4,1,10,0.27,,,,,
CuMnZnS_50_2_0s,CuMnZnS,50,2,0,4,1,10,0.102,,,,,
CuMnZnS_50_2_10s,CuMnZnS,50,2,10,4,1,10,0.145,,,,,
CuMnZnS_50_2_20s,CuMnZnS,50,2,20,4,1,10,0.185,,,,,
CuMnZnS_50_2_30s,CuMnZnS,50,2,30,4,1,10,0.229,,,,,
CuMnZnS_50_2_40s,CuMnZnS,50,2,40,4,1,10,0.269,,,,,
CuMnZnS_50_3_0s,CuMnZnS,50,3,0,4,1,10,0.098,,,,,
CuMnZnS_50_3_10s,CuMnZnS,50,3,10,4,1,10,0.139,,,,,
CuMnZnS_50_3_20s,CuMnZnS,50,3,20,4,1,10,0.183,,,,,
CuMnZnS_50_3_30s,CuMnZnS,50,3,30,4,1,10,0.226,,,,,
CuMnZnS_50_3_40s,CuMnZnS,50,3,40,4,1,10,0.266,,,,,
CuMnZnS_100_1_0s,CuMnZnS,100,1,0,4,1,10,0.1,,,,,
CuMnZnS_100_1_10s,CuMnZnS,100,1,10,4,1,10,0.166,,,,,
CuMnZnS_100_1_20s,CuMnZnS,100,1,20,4,1,10,0.229,,,,,
CuMnZnS_100_1_30s,CuMnZnS,100,1,30,4,1,10,0.297,,,,,
CuMnZnS_100_1_40s,CuMnZnS,100,1,40,4,1,10,0.361,,,,,
CuMnZnS_100_2_0s,CuMnZnS,100,2,0,4,1,10,0.102,,,,,
CuMnZnS_100_2_10s,CuMnZnS,100,2,10,4,1,10,0.166,,,,,
CuMnZnS_100_2_20s,CuMnZnS,100,2,20,4,1,10,0.233,,,,,
CuMnZnS_100_2_30s,CuMnZnS,100,2,30,4,1,10,0.297,,,,,
CuMnZnS_100_2_40s,CuMnZnS,100,2,40,4,1,10,0.364,,,,,
CuMnZnS_100_3_0s,CuMnZnS,100,3,0,4,1,10,0.098,,,,,
CuMnZnS_100_3_10s,CuMnZnS,100,3,10,4,1,10,0.165,,,,,
CuMnZnS_100_3_20s,CuMnZnS,100,3,20,4,1,10,0.228,,,,,
CuMnZnS_100_3_30s,CuMnZnS,100,3,30,4,1,10,0.293,,,,,
CuMnZnS_100_3_40s,CuMnZnS,100,3,40,4,1,10,0.359,,,,,
