image,material,concentration,time,pH,TMB,H2O2,Abs652,R,G,B,H,S,V
CuMnZnS_10ug_60s.jpg,CuMnZnS,10,60,4,1,10,0.25,174.9332765,175.8590838,177.7965615,103.1609544,5.463078382,178.2768824
CuMnZnS_50ug_60s.jpg,CuMnZnS,50,60,4,1,10,0.65,172.5815202,172.9082291,174.7075308,98.78131297,6.165854932,175.6732258
CuMnZnS_100ug_60s.jpg,CuMnZnS,100,60,4,1,10,1.1,178.3889716,179.2579306,181.3393552,105.6285561,5.187022066,181.7086805
CuMnZnS_10ug_60s.jpg,CuMnZnS,10,60,4,1,10,0.24,,,,,,
CuMnZnS_10ug_60s.jpg,CuMnZnS,10,60,4,1,10,0.23,,,,,,
CuMnZnS_50ug_60s.jpg,CuMnZnS,50,60,4,1,10,0.63,,,,,,
CuMnZnS_50ug_60s.jpg,CuMnZnS,50,60,4,1,10,0.64,,,,,,
CuMnZnS_100ug_60s.jpg,CuMnZnS,100,60,4,1,10,1.2,,,,,,
CuMnZnS_100ug_60s.jpg,CuMnZnS,100,60,4,1,10,1.3,,,,,,
